7843.430347508088,6834.87730049214,5.44857195295845,251.45951174244567
8012.2764203807565,6648.536511287987,5.44857195295845,251.45951174244567
8181.122493253425,6462.195722083834,5.44857195295845,251.45951174244567
8349.968566126094,6275.854932879681,5.44857195295845,251.45951174244567
8518.814638998763,6089.5141436755275,5.44857195295845,251.45951174244567
8687.660711871433,5903.173354471374,5.44857195295845,251.45951174244567
8856.506784744102,5716.832565267221,5.44857195295845,251.45951174244567
9025.352857616772,5530.491776063068,5.44857195295845,251.45951174244567
9194.198930489441,5344.150986858915,5.44857195295845,251.45951174244567
9363.045003362111,5157.810197654761,5.44857195295845,251.45951174244567
9531.89107623478,4971.469408450608,5.44857195295845,251.45951174244567
9700.73714910745,4785.128619246455,5.44857195295845,251.45951174244567
9869.58322198012,4598.787830042302,5.44857195295845,251.45951174244567
10038.42929485279,4412.4470408381485,5.44857195295845,251.45951174244567
10207.275367725459,4226.106251633995,5.44857195295845,251.45951174244567
10376.121440598128,4039.7654624298425,5.44857195295845,251.45951174244567
10544.967513470798,3853.4246732256897,5.44857195295845,251.45951174244567
10713.813586343467,3667.083884021537,5.44857195295845,251.45951174244567
10882.659659216137,3480.743094817384,5.44857195295845,251.45951174244567
11051.505732088806,3294.4023056132314,5.44857195295845,251.45951174244567
11220.351804961476,3108.0615164090786,5.44857195295845,251.45951174244567
11389.197877834145,2921.720727204926,5.44857195295845,251.45951174244567
11558.043950706815,2735.379938000773,5.44857195295845,251.45951174244567
11726.890023579484,2549.0391487966203,5.44857195295845,251.45951174244567
11895.736096452154,2362.6983595924676,5.44857195295845,251.45951174244567
12064.582169324824,2176.357570388315,5.44857195295845,251.45951174244567
12233.428242197493,1990.016781184162,5.44857195295845,251.45951174244567
12402.274315070163,1803.6759919800093,5.44857195295845,251.45951174244567
12571.120387942832,1617.3352027758565,5.44857195295845,251.45951174244567
12739.966460815502,1430.9944135717037,5.44857195295845,251.45951174244567
12908.812533688171,1244.653624367551,5.44857195295845,251.45951174244567
13077.65860656084,1058.3128351633982,5.44857195295845,251.45951174244567
13246.50467943351,871.9720459592454,5.44857195295845,251.45951174244567
13415.35075230618,685.6312567550926,5.44857195295845,251.45951174244567
13584.19682517885,499.29046755093987,5.44857195295845,251.45951174244567
13753.042898051519,312.9496783467871,5.44857195295845,251.45951174244567
13921.888970924188,126.6088891426343,5.44857195295845,251.45951174244567
14090.735043796858,-59.7319000615185,5.44857195295845,251.45951174244567
14259.581116669528,-246.0726892656713,5.44857195295845,251.45951174244567
14428.427189542197,-432.4134784698241,5.44857195295845,251.45951174244567
14597.273262414867,-618.7542676739769,5.44857195295845,251.45951174244567
14766.119335287536,-805.0950568781296,5.44857195295845,251.45951174244567
14934.965408160206,-991.4358460822824,5.44857195295845,251.45951174244567
15103.811481032875,-1177.7766352864353,5.44857195295845,251.45951174244567
15272.657553905545,-1364.117424490588,5.44857195295845,251.45951174244567
15441.503626778214,-1550.4582136947408,5.44857195295845,251.45951174244567
15610.349699650884,-1736.7990028988936,5.44857195295845,251.45951174244567
15779.195772523553,-1923.1397921030464,5.44857195295845,251.45951174244567
15948.041845396223,-2109.4805813071994,5.44857195295845,251.45951174244567
16116.887918268892,-2295.821370511352,5.44857195295845,251.45951174244567
16285.733991141562,-2482.162159715505,5.44857195295845,251.45951174244567
16454.58006401423,-2668.5029489196577,5.44857195295845,251.45951174244567
16623.426136886897,-2854.8437381238105,5.44857195295845,251.45951174244567
16792.272209759565,-3041.184527327963,5.44857195295845,251.45951174244567
16961.118282632233,-3227.525316532116,5.44857195295845,251.45951174244567
17129.9643555049,-3413.8661057362688,5.44857195295845,251.45951174244567
17298.81042837757,-3600.2068949404215,5.44857195295845,251.45951174244567
17467.656501250236,-3786.5476841445743,5.44857195295845,251.45951174244567
17636.502574122904,-3972.888473348727,5.44857195295845,251.45951174244567
17805.34864699557,-4159.22926255288,5.44857195295845,251.45951174244567
17974.19471986824,-4345.570051757033,5.44857195295845,251.45951174244567
18143.040792740907,-4531.910840961186,5.44857195295845,251.45951174244567
18311.886865613575,-4718.2516301653395,5.44857195295845,251.45951174244567
18480.732938486242,-4904.592419369493,5.44857195295845,251.45951174244567
18649.57901135891,-5090.933208573646,5.44857195295845,251.45951174244567
18818.425084231578,-5277.273997777799,5.44857195295845,251.45951174244567
18987.271157104246,-5463.614786981952,5.44857195295845,251.45951174244567
19156.117229976913,-5649.955576186106,5.44857195295845,251.45951174244567
19324.96330284958,-5836.296365390259,5.44857195295845,251.45951174244567
19493.80937572225,-6022.637154594412,5.44857195295845,251.45951174244567
19662.655448594916,-6208.977943798565,5.44857195295845,251.45951174244567
19831.501521467584,-6395.318733002719,5.44857195295845,251.45951174244567
20000.34759434025,-6581.659522206872,5.44857195295845,251.45951174244567
20169.19366721292,-6768.000311411025,5.44857195295845,251.45951174244567
20338.039740085587,-6954.341100615178,5.44857195295845,251.45951174244567
20506.885812958255,-7140.681889819331,5.44857195295845,251.45951174244567
20675.731885830923,-7327.022679023485,5.44857195295845,251.45951174244567
20844.57795870359,-7513.363468227638,5.44857195295845,251.45951174244567
21013.424031576258,-7699.704257431791,5.44857195295845,251.45951174244567
21182.270104448926,-7886.045046635944,5.44857195295845,251.45951174244567
21351.116177321594,-8072.385835840098,5.44857195295845,251.45951174244567
21519.96225019426,-8258.72662504425,5.44857195295845,251.45951174244567
21688.80832306693,-8445.067414248402,5.44857195295845,251.45951174244567
21857.654395939597,-8631.408203452555,5.44857195295845,251.45951174244567
22026.500468812264,-8817.748992656707,5.44857195295845,251.45951174244567
22195.346541684932,-9004.08978186086,5.44857195295845,251.45951174244567
22364.1926145576,-9190.430571065011,5.44857195295845,251.45951174244567
22533.038687430268,-9376.771360269164,5.44857195295845,251.45951174244567
